Species,Analyzed_CDS_Count,Excluded_CDS_Count,Mean_Length_AA,Mean_GC_content,Mean_GC3s,Median_GC3s,Skewness_GC3s,Mean_ENC,Median_ENC,Std_ENC,CV_ENC,Skewness_ENC,Mean_PR2_A3,Mean_PR2_G3,Highly_Preferred_Codons,RSCU_GCA,RSCU_GCC,RSCU_GCG,RSCU_GCT,RSCU_AGA,RSCU_AGG,RSCU_CGA,RSCU_CGC,RSCU_CGG,RSCU_CGT,RSCU_AAC,RSCU_AAT,RSCU_GAC,RSCU_GAT,RSCU_TGC,RSCU_TGT,RSCU_CAA,RSCU_CAG,RSCU_GAA,RSCU_GAG,RSCU_GGA,RSCU_GGC,RSCU_GGG,RSCU_GGT,RSCU_CAC,RSCU_CAT,RSCU_ATA,RSCU_ATC,RSCU_ATT,RSCU_CTA,RSCU_CTC,RSCU_CTG,RSCU_CTT,RSCU_TTA,RSCU_TTG,RSCU_AAA,RSCU_AAG,RSCU_TTC,RSCU_TTT,RSCU_CCA,RSCU_CCC,RSCU_CCG,RSCU_CCT,RSCU_AGC,RSCU_AGT,RSCU_TCA,RSCU_TCC,RSCU_TCG,RSCU_TCT,RSCU_ACA,RSCU_ACC,RSCU_ACG,RSCU_ACT,RSCU_TAC,RSCU_TAT,RSCU_GTA,RSCU_GTC,RSCU_GTG,RSCU_GTT
Alexandrium_andersonii,1212,40,267.1,0.6298,0.8274,0.8347,-0.7703,41.54,41.28,6.36,0.153,0.2329,0.387,0.4821,Ala:GCC/GCG | Arg:AGG/CGC/CGG | Asn:AAC | Asp:GAC | Cys:TGC | Gln:CAG | Glu:GAG | Gly:GGC | His:CAC | Ile:ATC | Leu:CTC/CTG/TTG | Lys:AAG | Phe:TTC | Pro:CCC/CCG | Ser:AGC/TCC/TCG | Thr:ACC/ACG | Tyr:TAC | Val:GTC/GTG,0.55,1.573,1.324,0.553,0.342,1.333,0.463,2.095,1.327,0.44,1.679,0.321,1.558,0.442,1.758,0.242,0.195,1.806,0.211,1.789,0.398,2.383,0.729,0.49,1.589,0.411,0.199,2.435,0.366,0.093,2.142,1.676,0.529,0.059,1.502,0.132,1.868,1.768,0.232,0.578,1.348,1.51,0.564,1.903,0.335,0.308,1.605,1.399,0.45,0.441,1.619,1.48,0.46,1.709,0.291,0.127,1.675,1.762,0.436
Alexandrium_catenella,3514,85,352.5,0.6426,0.8335,0.8393,-1.0122,40.92,40.45,5.47,0.1338,0.3578,0.4,0.4836,Ala:GCC/GCG | Arg:AGG/CGC/CGG | Asn:AAC | Asp:GAC | Cys:TGC | Gln:CAG | Glu:GAG | Gly:GGC | His:CAC | Ile:ATC | Leu:CTC/CTG/TTG | Lys:AAG | Phe:TTC | Pro:CCC/CCG | Ser:AGC/TCC/TCG | Thr:ACC/ACG | Tyr:TAC | Val:GTC/GTG,0.538,1.614,1.376,0.472,0.291,1.358,0.37,2.178,1.447,0.356,1.694,0.306,1.626,0.374,1.776,0.225,0.177,1.823,0.185,1.815,0.343,2.425,0.819,0.413,1.646,0.354,0.241,2.294,0.465,0.098,2.192,2.043,0.507,0.05,1.109,0.138,1.862,1.557,0.443,0.554,1.399,1.528,0.519,1.971,0.296,0.319,1.635,1.371,0.408,0.425,1.561,1.596,0.418,1.721,0.279,0.117,1.675,1.817,0.391
Alexandrium_minutum,715,29,282.4,0.6367,0.8125,0.8214,-0.5175,42.68,42.39,6.94,0.1626,0.1786,0.4148,0.483,Ala:GCC/GCG | Arg:AGG/CGC/CGG | Asn:AAC | Asp:GAC | Cys:TGC | Gln:CAG | Glu:GAG | Gly:GGC | His:CAC | Ile:ATC | Leu:CTC/CTG/TTG | Lys:AAG | Phe:TTC | Pro:CCC/CCG | Ser:AGC/TCC/TCG | Thr:ACC/ACG | Tyr:TAC | Val:GTC/GTG,0.563,1.527,1.376,0.534,0.392,1.161,0.531,2.071,1.462,0.383,1.645,0.355,1.57,0.43,1.701,0.299,0.246,1.754,0.267,1.734,0.43,2.246,0.849,0.475,1.527,0.473,0.308,2.285,0.407,0.122,2.118,1.813,0.541,0.065,1.34,0.198,1.802,1.71,0.29,0.562,1.34,1.493,0.604,1.914,0.335,0.333,1.57,1.36,0.488,0.439,1.523,1.566,0.472,1.668,0.332,0.166,1.645,1.779,0.409
Alexandrium_monilatum,10143,210,457.7,0.6622,0.8235,0.8238,-0.2958,41.42,41.39,4.85,0.117,0.264,0.4085,0.494,Ala:GCC/GCG | Arg:AGG/CGC/CGG | Asn:AAC | Asp:GAC | Cys:TGC | Gln:CAG | Glu:GAG | Gly:GGC | His:CAC | Ile:ATC | Leu:CTC/CTG | Lys:AAG | Phe:TTC | Pro:CCC/CCG | Ser:AGC/TCC/TCG | Thr:ACC/ACG | Tyr:TAC | Val:GTC/GTG,0.55,1.591,1.383,0.475,0.259,1.26,0.376,2.054,1.669,0.381,1.681,0.319,1.625,0.374,1.725,0.275,0.191,1.809,0.196,1.804,0.359,2.261,0.928,0.452,1.622,0.378,0.254,2.277,0.469,0.093,2.088,2.47,0.482,0.041,0.827,0.15,1.85,1.591,0.409,0.53,1.382,1.577,0.51,1.965,0.33,0.317,1.65,1.313,0.425,0.436,1.522,1.637,0.404,1.721,0.279,0.115,1.607,1.883,0.394
Alexandrium_tamarense,10803,353,440.9,0.6286,0.7709,0.7853,-0.7586,44.18,44.01,7.26,0.1643,-0.0801,0.4102,0.4954,Ala:GCC/GCG | Arg:AGG/CGC/CGG | Asn:AAC | Asp:GAC | Cys:TGC | Gln:CAG | Glu:GAG | Gly:GGC | His:CAC | Ile:ATC | Leu:CTC/CTG | Lys:AAG | Phe:TTC | Pro:CCC/CCG | Ser:AGC/TCC/TCG | Thr:ACC/ACG | Tyr:TAC | Val:GTC/GTG,0.689,1.452,1.254,0.605,0.381,1.209,0.455,1.999,1.456,0.501,1.546,0.454,1.474,0.526,1.65,0.35,0.313,1.687,0.3,1.7,0.463,2.187,0.814,0.536,1.457,0.543,0.277,2.098,0.625,0.151,1.867,2.274,0.662,0.09,0.955,0.237,1.763,1.505,0.495,0.745,1.233,1.343,0.679,1.795,0.446,0.508,1.481,1.155,0.615,0.62,1.34,1.453,0.587,1.59,0.41,0.195,1.419,1.891,0.496
Amphidinium_carterae,9807,917,527.7,0.5449,0.5744,0.5728,0.3928,54.54,55.12,3.39,0.0622,-1.7886,0.4599,0.541,Ala:GCA/GCT | Arg:AGA/AGG/CGA/CGC | Asn:AAC | Asp:GAC | Cys:TGC | Gln:CAG | Glu:GAG | Gly:GGC | His:CAC | Ile:ATC/ATT | Leu:CTC/CTG/TTG | Lys:AAG | Phe:TTC | Pro:CCA/CCT | Ser:AGC/TCC | Thr:ACA | Tyr:TAC | Val:GTG,1.32,0.892,0.729,1.058,1.019,1.11,1.0,1.181,0.912,0.776,1.207,0.793,1.02,0.98,1.29,0.71,0.627,1.373,0.604,1.396,0.856,1.52,0.645,0.979,1.055,0.945,0.55,1.414,1.036,0.376,1.128,1.282,0.975,0.263,1.977,0.47,1.53,1.238,0.762,1.541,0.655,0.789,1.015,1.512,0.82,0.979,1.027,0.766,0.896,1.261,0.97,0.864,0.906,1.223,0.777,0.388,0.99,1.699,0.924
Asterionellopsis_glacialis,5224,235,441.3,0.446,0.366,0.3551,1.3339,50.58,51.45,5.55,0.1098,-0.8915,0.4614,0.5024,Ala:GCA/GCT | Arg:AGA/CGA/CGT | Asn:AAT | Asp:GAT | Cys:TGT | Gln:CAA | Glu:GAA | Gly:GGA/GGT | His:CAT | Ile:ATT | Leu:CTT/TTA/TTG | Lys:AAA | Phe:TTT | Pro:CCA/CCT | Ser:AGT/TCA/TCC/TCT | Thr:ACA/ACT | Tyr:TAT | Val:GTT,1.309,0.939,0.541,1.21,1.055,0.537,1.355,0.781,0.523,1.748,0.717,1.283,0.646,1.354,0.742,1.258,1.464,0.536,1.483,0.517,1.413,0.656,0.448,1.482,0.703,1.298,0.515,0.854,1.631,0.488,0.689,0.594,1.294,1.171,1.763,1.164,0.836,0.708,1.292,1.39,0.81,0.521,1.279,0.567,1.192,1.165,1.034,0.83,1.211,1.462,0.835,0.673,1.03,0.886,1.114,0.852,0.97,0.954,1.224
Aureococcus_anophagefferens,46205,363,515.0,0.7254,0.9444,0.955,-6.9476,29.94,29.38,3.17,0.1059,2.6128,0.4847,0.4337,Ala:GCC/GCG | Arg:CGC/CGG | Asn:AAC | Asp:GAC | Cys:TGC | Gln:CAG | Glu:GAG | Gly:GGC | His:CAC | Ile:ATC | Leu:CTC/CTG | Lys:AAG | Phe:TTC | Pro:CCC/CCG | Ser:AGC/TCC/TCG | Thr:ACG | Tyr:TAC | Val:GTC/GTG,0.059,1.456,2.378,0.106,0.055,0.198,0.314,3.369,1.869,0.194,1.884,0.116,1.918,0.082,1.931,0.069,0.167,1.833,0.136,1.864,0.127,3.234,0.54,0.099,1.889,0.111,0.043,2.834,0.122,0.062,3.712,1.744,0.108,0.056,0.318,0.141,1.859,1.874,0.126,0.109,1.503,2.244,0.144,1.52,0.081,0.089,1.774,2.414,0.122,0.074,0.88,2.969,0.076,1.932,0.068,0.032,2.699,1.2,0.07
Aureoumbra_lagunensis,4450,43,508.7,0.4008,0.2319,0.2262,2.2465,45.31,45.18,4.67,0.1031,0.1363,0.4284,0.5341,Ala:GCA/GCT | Arg:AGA/CGA/CGT | Asn:AAT | Asp:GAT | Cys:TGT | Gln:CAA | Glu:GAA | Gly:GGA/GGT | His:CAT | Ile:ATT | Leu:CTT/TTA | Lys:AAA | Phe:TTT | Pro:CCA/CCT | Ser:AGT/TCA/TCT | Thr:ACA/ACT | Tyr:TAT | Val:GTA/GTT,1.188,0.571,0.471,1.77,1.094,0.259,1.397,0.723,0.311,2.216,0.263,1.737,0.41,1.59,0.416,1.584,1.573,0.427,1.524,0.476,1.031,0.538,0.215,2.215,0.516,1.484,0.722,0.471,1.807,0.492,0.627,0.274,1.837,1.939,0.831,1.426,0.574,0.37,1.63,1.829,0.32,0.467,1.385,0.391,1.18,1.811,0.384,0.565,1.668,1.484,0.478,0.466,1.572,0.409,1.591,1.106,0.644,0.51,1.74
Azadinium_spinosum,12370,545,499.4,0.6039,0.7046,0.7206,-0.8822,49.2,48.89,4.77,0.0969,-0.0077,0.3982,0.5114,Ala:GCC/GCG | Arg:AGG/CGC/CGG | Asn:AAC | Asp:GAC | Cys:TGC | Gln:CAG | Glu:GAG | Gly:GGC | His:CAC | Ile:ATC | Leu:CTC/CTG/TTG | Lys:AAG | Phe:TTC | Pro:CCC/CCG | Ser:AGC/TCC/TCG | Thr:ACC/ACG | Tyr:TAC | Val:GTC/GTG,0.766,1.309,1.168,0.756,0.427,1.063,0.607,1.838,1.356,0.709,1.29,0.711,1.195,0.805,1.513,0.487,0.367,1.633,0.376,1.624,0.496,1.938,0.829,0.737,1.21,0.79,0.331,1.952,0.717,0.233,1.879,1.206,0.82,0.19,1.672,0.367,1.633,1.475,0.525,0.819,1.089,1.264,0.829,1.708,0.56,0.551,1.213,1.264,0.704,0.812,1.26,1.213,0.715,1.337,0.663,0.278,1.284,1.834,0.605
Chaetoceros_affinis,3883,322,464.0,0.4366,0.3858,0.3743,0.8758,53.2,53.92,4.38,0.0824,-1.6354,0.4687,0.506,Ala:GCA/GCT | Arg:AGA/AGG/CGT | Asn:AAT | Asp:GAT | Cys:TGT | Gln:CAA | Glu:GAA | Gly:GGA/GGT | His:CAT | Ile:ATT | Leu:CTC/CTT/TTG | Lys:AAA | Phe:TTT | Pro:CCA/CCT | Ser:AGT/TCA/TCT | Thr:ACA/ACT | Tyr:TAT | Val:GTT,1.556,0.81,0.488,1.146,1.531,1.34,0.88,0.64,0.487,1.122,0.755,1.245,0.65,1.35,0.765,1.235,1.224,0.776,1.233,0.767,1.421,0.725,0.549,1.304,0.816,1.184,0.702,0.872,1.426,0.667,1.016,0.634,1.145,0.978,1.56,1.076,0.924,0.841,1.159,1.771,0.631,0.543,1.056,0.735,1.281,1.404,0.846,0.703,1.031,1.421,0.751,0.649,1.178,0.934,1.066,0.969,0.846,0.862,1.324
Chaetoceros_curvisetus,2192,266,316.8,0.4523,0.4109,0.3938,1.0545,51.6,53.48,6.71,0.13,-1.4054,0.4474,0.514,Ala:GCA/GCT | Arg:AGA/AGG/CGT | Asn:AAT | Asp:GAT | Cys:TGT | Gln:CAA | Glu:GAA | Gly:GGA/GGT | His:CAT | Ile:ATC/ATT | Leu:CTC/CTT/TTG | Lys:AAG | Phe:TTT | Pro:CCA/CCT | Ser:AGT/TCA/TCT | Thr:ACA/ACT | Tyr:TAT | Val:GTT,1.351,0.956,0.602,1.091,1.497,1.058,0.839,0.764,0.515,1.327,0.696,1.304,0.625,1.375,0.828,1.172,1.158,0.842,1.189,0.811,1.399,0.667,0.618,1.316,0.718,1.282,0.538,1.071,1.391,0.599,1.05,0.661,1.283,0.955,1.452,0.934,1.066,0.974,1.026,1.44,0.909,0.516,1.136,0.669,1.2,1.309,0.932,0.684,1.205,1.315,0.909,0.688,1.088,0.92,1.08,0.915,0.984,0.956,1.144
Chaetoceros_debilis,5278,461,532.2,0.4453,0.3943,0.3842,0.9752,53.71,54.57,4.39,0.0818,-2.1864,0.4541,0.5109,Ala:GCA/GCT | Arg:AGA/CGT | Asn:AAT | Asp:GAT | Cys:TGT | Gln:CAA | Glu:GAA | Gly:GGA/GGT | His:CAT | Ile:ATT | Leu:CTT/TTG | Lys:AAA | Phe:TTT | Pro:CCA/CCT | Ser:AGT/TCA/TCT | Thr:ACA/ACT | Tyr:TAT | Val:GTT,1.423,0.895,0.558,1.124,1.766,0.992,0.931,0.682,0.501,1.128,0.638,1.362,0.601,1.399,0.923,1.077,1.17,0.83,1.243,0.757,1.531,0.691,0.576,1.202,0.685,1.315,0.671,0.905,1.423,0.645,0.946,0.652,1.32,0.896,1.54,1.002,0.998,0.838,1.162,1.52,0.799,0.498,1.183,0.768,1.205,1.226,0.853,0.748,1.2,1.34,0.828,0.651,1.181,0.857,1.143,0.89,0.92,1.0,1.19
Chaetoceros_tenuissimus,17374,313,518.8,0.402,0.3104,0.3083,0.0546,48.71,49.25,4.63,0.095,-1.1283,0.4727,0.5393,Ala:GCA/GCT | Arg:AGA/CGT | Asn:AAT | Asp:GAT | Cys:TGT | Gln:CAA | Glu:GAA | Gly:GGA/GGT | His:CAT | Ile:ATT | Leu:CTT/TTG | Lys:AAA | Phe:TTT | Pro:CCA/CCT | Ser:AGT/TCA/TCT | Thr:ACA/ACT | Tyr:TAT | Val:GTA/GTT,1.762,0.415,0.384,1.44,2.563,0.76,0.924,0.445,0.248,1.06,0.607,1.393,0.564,1.436,0.711,1.289,1.375,0.625,1.356,0.644,1.815,0.488,0.447,1.249,0.549,1.451,0.65,0.796,1.554,0.773,0.706,0.457,1.479,0.985,1.6,1.1,0.9,0.754,1.246,1.909,0.296,0.393,1.403,0.562,1.268,1.406,0.686,0.538,1.539,1.515,0.599,0.368,1.517,0.773,1.227,1.156,0.722,0.746,1.376
Chattonella_subsalsa,7045,394,551.2,0.4356,0.385,0.3774,0.4844,53.2,53.83,4.03,0.0758,-1.2143,0.4768,0.5389,Ala:GCA/GCT | Arg:AGA/AGG | Asn:AAT | Asp:GAT | Cys:TGC | Gln:CAA | Glu:GAA | Gly:GGA | His:CAT | Ile:ATT | Leu:CTG/CTT/TTG | Lys:AAA | Phe:TTT | Pro:CCA/CCT | Ser:AGT/TCA/TCT | Thr:ACA/ACT | Tyr:TAT | Val:GTG/GTT,1.518,0.763,0.368,1.351,1.621,1.162,0.923,0.796,0.8,0.698,0.791,1.208,0.704,1.296,1.005,0.995,1.102,0.898,1.201,0.799,1.274,0.788,0.986,0.951,0.836,1.164,0.644,0.889,1.467,0.482,0.74,1.169,1.395,0.728,1.486,1.102,0.898,0.784,1.216,1.547,0.708,0.378,1.367,0.898,1.024,1.453,0.857,0.396,1.372,1.436,0.922,0.352,1.29,0.933,1.067,0.621,0.676,1.352,1.351
Cyclotella_cryptica,11105,1628,601.0,0.4816,0.47,0.4571,0.5238,55.7,56.65,3.61,0.0649,-2.1313,0.4569,0.4998,Ala:GCA/GCC | Arg:AGA/CGA/CGT | Asn:AAT | Asp:GAT | Cys:TGT | Gln:CAA | Glu:GAA | Gly:GGA | His:CAT | Ile:ATC/ATT | Leu:CTC/CTT/TTG | Lys:AAG | Phe:TTT | Pro:CCA/CCC/CCT | Ser:TCA/TCC/TCG/TCT | Thr:ACA/ACT | Tyr:TAT | Val:GTC/GTG/GTT,1.183,1.068,0.764,0.985,1.233,1.0,1.218,0.906,0.569,1.074,0.861,1.139,0.81,1.19,0.972,1.028,1.223,0.777,1.129,0.872,1.336,0.895,0.809,0.96,0.873,1.127,0.611,1.032,1.357,0.535,1.161,0.801,1.082,0.66,1.76,0.996,1.004,0.899,1.101,1.18,1.013,0.771,1.036,0.784,0.936,1.06,1.073,1.009,1.138,1.145,0.959,0.84,1.057,0.971,1.029,0.635,1.041,1.154,1.171
Cylindrotheca_closterium,25929,2525,495.5,0.4697,0.4435,0.4448,-1.5422,53.19,54.25,4.78,0.0898,-1.502,0.4742,0.4893,Ala:GCA/GCC/GCT | Arg:AGA/CGA | Asn:AAT | Asp:GAT | Cys:TGT | Gln:CAA | Glu:GAA | Gly:GGA/GGT | His:CAT | Ile:ATC/ATT | Leu:CTT/TTG | Lys:AAG | Phe:TTT | Pro:CCA/CCT | Ser:TCA/TCC/TCT | Thr:ACA/ACC/ACT | Tyr:TAC | Val:GTC/GTG/GTT,1.185,1.121,0.553,1.141,1.242,0.648,1.641,0.852,0.683,0.934,0.898,1.102,0.827,1.173,0.995,1.005,1.362,0.638,1.296,0.704,1.528,0.822,0.547,1.103,0.899,1.101,0.421,1.032,1.547,0.631,0.89,0.934,1.124,0.413,2.008,0.846,1.154,0.842,1.159,1.646,0.794,0.559,1.0,0.847,0.969,1.014,1.162,0.905,1.103,1.119,1.05,0.685,1.146,1.031,0.969,0.602,1.207,1.034,1.158
Dactyliosolen_fragilissimus,2873,141,454.1,0.4107,0.3328,0.3239,0.9094,51.63,51.77,3.8,0.0736,-0.6099,0.4707,0.4931,Ala:GCA/GCT | Arg:AGA/CGT | Asn:AAT | Asp:GAT | Cys:TGT | Gln:CAA | Glu:GAA | Gly:GGA/GGT | His:CAT | Ile:ATT | Leu:CTT/TTA/TTG | Lys:AAA | Phe:TTT | Pro:CCA/CCT | Ser:AGT/TCA/TCT | Thr:ACA/ACT | Tyr:TAT | Val:GTT,1.615,0.801,0.412,1.172,1.947,0.96,0.929,0.56,0.306,1.298,0.586,1.414,0.533,1.467,0.766,1.234,1.389,0.611,1.414,0.586,1.65,0.547,0.436,1.367,0.622,1.378,0.867,0.712,1.422,0.695,0.848,0.437,1.548,1.151,1.322,1.246,0.754,0.727,1.273,1.634,0.788,0.343,1.234,0.521,1.073,1.433,0.973,0.546,1.454,1.531,0.796,0.475,1.198,0.814,1.186,0.953,0.791,0.807,1.448
Dinophysis_acuminata,1940,43,362.7,0.6597,0.8728,0.8881,-0.9704,38.12,36.76,5.8,0.152,0.9433,0.4833,0.4858,Ala:GCC/GCG | Arg:AGG/CGC/CGG | Asn:AAC | Asp:GAC | Cys:TGC | Gln:CAG | Glu:GAG | Gly:GGC/GGG | His:CAC | Ile:ATC | Leu:CTC/CTG | Lys:AAG | Phe:TTC | Pro:CCC/CCG | Ser:AGC/TCC/TCG | Thr:ACC/ACG | Tyr:TAC | Val:GTC/GTG,0.369,1.642,1.729,0.26,0.228,1.379,0.301,2.091,1.74,0.262,1.734,0.266,1.714,0.286,1.823,0.177,0.197,1.803,0.222,1.778,0.223,2.314,1.177,0.285,1.724,0.276,0.33,2.377,0.293,0.11,2.444,2.627,0.287,0.046,0.485,0.218,1.782,1.792,0.208,0.371,1.486,1.877,0.266,2.082,0.233,0.27,1.57,1.622,0.223,0.397,1.538,1.839,0.226,1.803,0.197,0.122,1.776,1.851,0.251
Euglena_gracilis,454,14,466.5,0.5629,0.6755,0.7159,-1.2078,42.66,40.99,8.32,0.195,0.2435,0.4204,0.524,Ala:GCC/GCG | Arg:CGC/CGG | Asn:AAC | Asp:GAC | Cys:TGC | Gln:CAG | Glu:GAG | Gly:GGC/GGG | His:CAC | Ile:ATC | Leu:CTC/CTG | Lys:AAG | Phe:TTC | Pro:CCC/CCG | Ser:AGC/TCC | Thr:ACC/ACG | Tyr:TAC | Val:GTC/GTG,0.619,1.652,1.083,0.646,0.344,0.461,0.531,1.923,2.111,0.629,1.361,0.639,1.406,0.594,1.528,0.471,0.465,1.535,0.446,1.554,0.566,1.635,1.12,0.679,1.43,0.57,0.267,1.786,0.948,0.108,1.207,2.785,0.539,0.441,0.92,0.419,1.581,1.369,0.631,0.691,1.453,1.204,0.653,1.507,0.534,0.56,1.782,0.756,0.861,0.667,1.598,1.086,0.65,1.368,0.632,0.18,1.092,2.015,0.713
Fibrocapsa_japonica,1510,227,321.6,0.493,0.5085,0.5122,-0.1873,51.48,52.78,5.76,0.1119,-0.8374,0.4551,0.5218,Ala:GCA/GCC/GCT | Arg:AGA/AGG/CGC | Asn:AAC | Asp:GAC | Cys:TGC | Gln:CAG | Glu:GAG | Gly:GGC/GGG | His:CAC | Ile:ATC/ATT | Leu:CTG/CTT/TTG | Lys:AAG | Phe:TTT | Pro:CCA/CCC/CCT | Ser:AGC/TCA/TCC/TCT | Thr:ACA/ACC/ACT | Tyr:TAC | Val:GTG,1.088,1.243,0.537,1.133,1.15,1.371,0.645,1.301,0.832,0.701,1.077,0.923,1.028,0.972,1.229,0.771,0.777,1.223,0.927,1.073,0.985,1.041,1.036,0.938,1.171,0.829,0.612,1.092,1.296,0.45,0.879,2.002,1.028,0.615,1.025,0.823,1.177,0.983,1.017,1.218,1.125,0.52,1.138,1.137,0.845,1.066,1.144,0.554,1.255,1.151,1.251,0.535,1.063,1.198,0.802,0.573,0.693,1.764,0.97
Gonyaulax_spinifera,2678,84,319.3,0.6254,0.8033,0.811,-1.0966,42.73,42.41,5.04,0.118,0.3633,0.41,0.4804,Ala:GCC/GCG | Arg:AGG/CGC/CGG | Asn:AAC | Asp:GAC | Cys:TGC | Gln:CAG | Glu:GAG | Gly:GGC | His:CAC | Ile:ATC | Leu:CTC/CTG | Lys:AAG | Phe:TTC | Pro:CCC/CCG | Ser:AGC/TCC/TCG | Thr:ACC/ACG | Tyr:TAC | Val:GTC/GTG,0.682,1.612,1.127,0.578,0.334,1.434,0.443,1.856,1.361,0.573,1.645,0.355,1.538,0.462,1.696,0.304,0.225,1.775,0.264,1.736,0.416,2.256,0.774,0.554,1.563,0.436,0.294,2.198,0.508,0.129,2.121,2.405,0.593,0.048,0.705,0.217,1.783,1.571,0.429,0.687,1.332,1.379,0.603,1.824,0.359,0.46,1.676,1.223,0.458,0.606,1.567,1.365,0.463,1.68,0.32,0.164,1.619,1.76,0.457
Guinardia_flaccida,656,112,256.9,0.3908,0.3027,0.2965,0.9416,50.28,50.46,4.6,0.0915,-0.2875,0.4831,0.5078,Ala:GCA/GCT | Arg:AGA/CGA/CGT | Asn:AAT | Asp:GAT | Cys:TGT | Gln:CAA | Glu:GAA | Gly:GGA/GGT | His:CAT | Ile:ATT | Leu:CTT/TTA/TTG | Lys:AAA | Phe:TTT | Pro:CCA/CCT | Ser:AGT/TCA/TCT | Thr:ACA/ACT | Tyr:TAT | Val:GTA/GTT,1.586,0.662,0.503,1.248,1.822,0.805,1.28,0.48,0.383,1.231,0.608,1.392,0.474,1.526,0.667,1.333,1.518,0.482,1.496,0.504,1.688,0.534,0.478,1.3,0.555,1.445,0.925,0.672,1.403,0.645,0.586,0.509,1.222,1.501,1.537,1.411,0.589,0.65,1.35,1.744,0.588,0.392,1.276,0.518,1.037,1.622,0.926,0.565,1.332,1.638,0.734,0.515,1.113,0.604,1.396,1.087,0.639,0.87,1.404
Gymnodinium_catenatum,7256,234,436.4,0.6052,0.7125,0.7185,-1.3048,49.02,49.07,4.6,0.0939,-0.239,0.4295,0.5041,Ala:GCC/GCG | Arg:AGG/CGC/CGG | Asn:AAC | Asp:GAC | Cys:TGC | Gln:CAG | Glu:GAG | Gly:GGC | His:CAC | Ile:ATC | Leu:CTC/CTG/TTG | Lys:AAG | Phe:TTC | Pro:CCG | Ser:AGC/TCC/TCG | Thr:ACC/ACG | Tyr:TAC | Val:GTC/GTG,0.633,1.226,1.488,0.654,0.437,1.021,0.626,1.865,1.324,0.727,1.417,0.583,1.377,0.623,1.536,0.464,0.478,1.522,0.548,1.452,0.513,2.009,0.795,0.682,1.284,0.717,0.324,1.907,0.769,0.182,1.768,1.188,0.872,0.198,1.792,0.536,1.464,1.498,0.502,0.897,0.995,1.385,0.724,1.633,0.509,0.487,1.159,1.595,0.616,0.69,1.12,1.627,0.562,1.439,0.561,0.246,1.44,1.635,0.679
Heterocapsa_rotundata,1732,21,402.8,0.6626,0.9002,0.9121,-3.1695,35.05,34.51,4.72,0.1346,0.8279,0.3681,0.4731,Ala:GCC/GCG | Arg:AGG/CGC/CGG | Asn:AAC | Asp:GAC | Cys:TGC | Gln:CAG | Glu:GAG | Gly:GGC | His:CAC | Ile:ATC | Leu:CTC/CTG | Lys:AAG | Phe:TTC | Pro:CCC/CCG | Ser:AGC/TCC/TCG | Thr:ACC/ACG | Tyr:TAC | Val:GTC/GTG,0.237,1.846,1.61,0.307,0.199,1.35,0.294,2.535,1.356,0.267,1.821,0.179,1.739,0.261,1.877,0.123,0.106,1.894,0.12,1.879,0.284,2.677,0.743,0.296,1.769,0.231,0.104,2.66,0.236,0.07,2.601,2.719,0.296,0.021,0.294,0.079,1.921,1.866,0.134,0.237,1.46,1.963,0.34,1.937,0.159,0.153,1.875,1.612,0.266,0.186,1.762,1.823,0.23,1.863,0.137,0.064,1.889,1.837,0.21
Heterosigma_akashiwo,16497,3207,349.6,0.5291,0.567,0.5383,0.4075,50.29,52.6,7.65,0.1521,-1.0433,0.4451,0.5049,Ala:GCC | Arg:AGA/CGC/CGG | Asn:AAC | Asp:GAC | Cys:TGC | Gln:CAG | Glu:GAG | Gly:GGC/GGG | His:CAC | Ile:ATC/ATT | Leu:CTC/CTG/CTT | Lys:AAG | Phe:TTC | Pro:CCA/CCC | Ser:AGC/TCA/TCC/TCT | Thr:ACA/ACC | Tyr:TAC | Val:GTG,0.872,1.36,0.925,0.843,1.048,0.992,0.535,1.565,1.289,0.571,1.149,0.851,1.11,0.89,1.289,0.711,0.744,1.256,0.819,1.181,0.695,1.552,1.025,0.729,1.17,0.83,0.532,1.364,1.104,0.402,1.046,2.205,1.043,0.371,0.933,0.825,1.175,1.08,0.92,1.018,1.154,0.869,0.959,1.356,0.809,1.023,1.042,0.686,1.084,1.03,1.295,0.745,0.929,1.264,0.736,0.466,0.881,1.746,0.906
Karenia_brevis,34575,3187,549.2,0.5358,0.5531,0.5522,0.2393,54.83,55.34,3.23,0.0588,-1.708,0.4422,0.5325,Ala:GCA/GCT | Arg:CGC | Asn:AAC | Asp:GAT | Cys:TGC | Gln:CAG | Glu:GAG | Gly:GGC/GGT | His:CAT | Ile:ATC/ATT | Leu:CTC/CTG/CTT/TTG | Lys:AAG | Phe:TTC | Pro:CCA/CCT | Ser:AGC/TCA/TCT | Thr:ACA | Tyr:TAC | Val:GTC/GTG,1.301,0.876,0.735,1.088,0.956,0.993,0.86,1.439,0.909,0.843,1.042,0.958,0.954,1.046,1.29,0.71,0.673,1.327,0.679,1.321,0.853,1.525,0.608,1.013,0.988,1.012,0.454,1.438,1.108,0.299,1.183,1.554,1.103,0.281,1.581,0.645,1.355,1.152,0.848,1.386,0.695,0.844,1.075,1.356,0.836,1.054,0.91,0.816,1.028,1.243,0.871,0.905,0.982,1.146,0.854,0.421,1.042,1.596,0.941
Karlodinium_veneficum,14777,2174,533.4,0.4999,0.4834,0.4798,-0.5577,55.86,56.38,2.81,0.0503,-1.8719,0.4538,0.542,Ala:GCA/GCT | Arg:AGA/CGA/CGC | Asn:AAT | Asp:GAT | Cys:TGC | Gln:CAG | Glu:GAG | Gly:GGA/GGC/GGT | His:CAT | Ile:ATC/ATT | Leu:CTT/TTG | Lys:AAG | Phe:TTC | Pro:CCA/CCT | Ser:AGC/TCG/TCT | Thr:ACA/ACT | Tyr:TAT | Val:GTG/GTT,1.298,0.681,0.842,1.179,1.24,0.765,1.113,1.235,0.674,0.973,0.881,1.119,0.832,1.168,1.179,0.821,0.832,1.168,0.943,1.057,1.05,1.271,0.501,1.178,0.884,1.116,0.604,1.179,1.217,0.419,0.964,0.727,1.186,0.648,2.056,0.836,1.164,1.129,0.871,1.57,0.52,0.747,1.164,1.154,0.94,0.96,0.715,1.042,1.191,1.264,0.698,0.94,1.098,0.959,1.041,0.592,0.952,1.269,1.186
Leptocylindrus_danicus,5192,730,454.2,0.4599,0.4255,0.4142,0.0295,54.16,55.2,4.6,0.0849,-2.1584,0.4304,0.5531,Ala:GCA/GCT | Arg:AGA/CGA/CGT | Asn:AAT | Asp:GAT | Cys:TGT | Gln:CAA | Glu:GAA | Gly:GGA/GGT | His:CAT | Ile:ATT | Leu:CTT/TTG | Lys:AAG | Phe:TTT | Pro:CCA/CCT | Ser:AGC/AGT/TCA/TCT | Thr:ACA/ACT | Tyr:TAT | Val:GTG/GTT,1.257,0.785,0.807,1.151,1.043,0.869,1.225,0.961,0.63,1.272,0.717,1.283,0.573,1.427,0.936,1.064,1.089,0.911,1.159,0.841,1.206,0.845,0.591,1.358,0.751,1.249,0.655,0.834,1.511,0.522,0.826,0.821,1.118,0.773,1.94,0.962,1.038,0.748,1.252,1.328,0.708,0.857,1.107,1.05,1.176,1.117,0.733,0.906,1.018,1.213,0.799,0.892,1.096,0.898,1.102,0.811,0.804,1.153,1.232
Lingulodinium_polyedra,14231,511,397.8,0.6251,0.7937,0.8225,-1.3261,42.16,41.46,6.44,0.1527,0.5563,0.3954,0.4974,Ala:GCC/GCG | Arg:CGC/CGG | Asn:AAC | Asp:GAC | Cys:TGC | Gln:CAG | Glu:GAG | Gly:GGC | His:CAC | Ile:ATC | Leu:CTC/CTG/TTG | Lys:AAG | Phe:TTC | Pro:CCC/CCG | Ser:AGC/TCC/TCG | Thr:ACC/ACG | Tyr:TAC | Val:GTC/GTG,0.451,1.487,1.568,0.494,0.345,0.962,0.607,1.997,1.561,0.528,1.505,0.495,1.445,0.555,1.674,0.326,0.336,1.664,0.348,1.652,0.431,2.273,0.79,0.507,1.439,0.561,0.163,2.275,0.561,0.137,1.877,1.082,0.565,0.136,2.203,0.281,1.719,1.62,0.38,0.513,1.192,1.784,0.512,1.727,0.353,0.325,1.435,1.636,0.524,0.569,1.36,1.617,0.455,1.558,0.442,0.163,1.637,1.701,0.499
Mesodinium_rubrum,877,149,302.0,0.5175,0.5683,0.6048,-1.0429,50.14,51.08,6.3,0.1257,-0.7294,0.4445,0.4924,Ala:GCC | Arg:CGC/CGT | Asn:AAC | Asp:GAC | Cys:TGC | Gln:CAG | Glu:GAG | Gly:GGC | His:CAC | Ile:ATC/ATT | Leu:CTC/CTG/TTG | Lys:AAG | Phe:TTC | Pro:CCC/CCT | Ser:TCA/TCG | Thr:ACC/ACT | Tyr:TAC | Val:GTC/GTG,0.992,1.119,0.99,0.9,0.73,0.701,0.625,2.161,0.727,1.056,1.083,0.917,1.1,0.9,1.319,0.681,0.749,1.251,0.807,1.192,0.766,1.693,0.656,0.884,1.26,0.74,0.443,1.382,1.175,0.424,1.666,1.452,0.983,0.46,1.016,0.81,1.19,1.083,0.917,0.804,1.251,0.938,1.008,0.986,0.709,1.019,0.928,1.369,0.989,0.977,1.079,0.94,1.003,1.204,0.796,0.518,1.024,1.64,0.819
Noctiluca_scintillans,5070,493,445.0,0.5623,0.6255,0.6247,0.3138,53.8,54.2,3.54,0.0658,-1.841,0.4095,0.5311,Ala:GCC/GCG | Arg:AGG/CGC/CGG/CGT | Asn:AAC | Asp:GAC | Cys:TGC | Gln:CAG | Glu:GAG | Gly:GGC/GGT | His:CAC | Ile:ATC | Leu:CTC/CTG/TTG | Lys:AAG | Phe:TTC | Pro:CCA/CCT | Ser:AGC/TCC/TCG | Thr:ACC/ACG | Tyr:TAC | Val:GTC/GTG,0.879,1.007,1.182,0.933,0.736,1.02,0.951,1.276,1.017,1.0,1.288,0.712,1.192,0.808,1.18,0.82,0.57,1.43,0.657,1.343,0.865,1.323,0.713,1.1,1.306,0.694,0.301,1.73,0.968,0.141,1.49,1.461,0.96,0.168,1.78,0.59,1.411,1.315,0.684,1.119,0.924,0.925,1.032,1.132,0.833,0.702,1.111,1.224,0.998,0.854,1.029,1.3,0.817,1.397,0.603,0.233,1.09,1.869,0.808
Octactis_speculum,2022,765,381.8,0.5176,0.5433,0.5561,-0.9163,54.63,55.79,4.64,0.085,-1.661,0.4565,0.4955,Ala:GCG/GCT | Arg:CGA/CGC/CGG/CGT | Asn:AAC | Asp:GAC | Cys:TGC | Gln:CAG | Glu:GAG | Gly:GGA/GGC | His:CAC | Ile:ATC/ATT | Leu:CTC/CTG/CTT | Lys:AAG | Phe:TTC | Pro:CCA/CCT | Ser:AGC/TCA/TCC/TCG/TCT | Thr:ACC/ACG | Tyr:TAC | Val:GTC/GTG,0.997,0.982,1.016,1.006,0.867,0.825,1.014,1.198,1.07,1.027,1.134,0.866,1.055,0.945,1.19,0.81,0.819,1.181,0.902,1.098,1.004,1.087,0.965,0.945,1.112,0.888,0.509,1.445,1.046,0.526,1.677,1.124,1.254,0.523,0.896,0.915,1.085,1.188,0.812,1.101,0.913,0.925,1.06,1.034,0.824,1.052,1.01,1.069,1.011,0.966,1.027,1.097,0.909,1.257,0.743,0.531,1.165,1.325,0.979
Phaeocystis_globosa,582,69,224.2,0.563,0.5613,0.6892,-0.4874,44.02,43.43,6.37,0.1448,0.1961,0.4586,0.5065,Ala:GCC/GCG | Arg:CGC/CGT | Asn:AAT | Asp:GAT | Cys:TGC | Gln:CAG | Glu:GAG | Gly:GGC/GGT | His:CAC | Ile:ATT | Leu:CTC/CTG/CTT/TTA | Lys:AAA | Phe:TTT | Pro:CCA/CCG | Ser:AGC/TCA/TCG | Thr:ACA/ACG | Tyr:TAT | Val:GTG/GTT,0.864,1.067,1.243,0.827,0.56,0.619,0.898,1.732,0.888,1.303,0.832,1.168,0.881,1.119,1.338,0.662,0.956,1.044,0.924,1.076,0.623,1.443,0.66,1.274,1.259,0.741,0.517,0.858,1.625,0.554,1.253,1.1,1.021,1.553,0.518,1.175,0.825,0.853,1.147,1.13,0.859,1.176,0.835,1.191,0.863,1.072,0.78,1.21,0.885,1.31,0.791,1.013,0.887,0.925,1.075,0.804,0.942,1.06,1.194
Proboscia_alata,9163,1112,496.1,0.4516,0.4155,0.373,0.8499,53.83,54.17,3.43,0.0637,-0.8947,0.4702,0.5079,Ala:GCA | Arg:AGA/CGA/CGT | Asn:AAT | Asp:GAT | Cys:TGT | Gln:CAA | Glu:GAA | Gly:GGA/GGT | His:CAT | Ile:ATT | Leu:CTT/TTA/TTG | Lys:AAA | Phe:TTT | Pro:CCA | Ser:AGT/TCA/TCT | Thr:ACA/ACC | Tyr:TAT | Val:GTG/GTT,1.191,0.944,0.871,0.994,1.158,0.656,1.226,0.912,0.857,1.191,0.783,1.217,0.646,1.353,0.897,1.103,1.247,0.753,1.325,0.675,1.301,0.733,0.682,1.285,0.884,1.116,0.791,0.848,1.361,0.596,0.908,0.815,1.053,1.042,1.586,1.225,0.775,0.757,1.243,1.268,0.976,0.839,0.918,0.867,1.078,1.173,0.97,0.869,1.042,1.199,1.068,0.827,0.906,0.898,1.102,0.823,0.707,1.207,1.263
Protoceratium_reticulatum,674,25,410.4,0.6404,0.8035,0.812,-0.7038,42.44,41.92,6.1,0.1438,0.3115,0.4206,0.4964,Ala:GCC/GCG | Arg:AGG/CGC/CGG | Asn:AAC | Asp:GAC | Cys:TGC | Gln:CAG | Glu:GAG | Gly:GGC | His:CAC | Ile:ATC | Leu:CTC/CTG | Lys:AAG | Phe:TTC | Pro:CCC/CCG | Ser:AGC/TCC/TCG | Thr:ACC/ACG | Tyr:TAC | Val:GTC/GTG,0.624,1.538,1.338,0.5,0.283,1.315,0.381,1.956,1.636,0.429,1.63,0.37,1.561,0.439,1.698,0.302,0.252,1.748,0.266,1.734,0.343,2.318,0.87,0.468,1.581,0.419,0.298,2.107,0.595,0.141,2.004,2.594,0.589,0.064,0.608,0.226,1.774,1.505,0.495,0.633,1.318,1.521,0.528,1.97,0.371,0.453,1.409,1.352,0.445,0.63,1.35,1.565,0.455,1.658,0.342,0.155,1.551,1.826,0.467
Prymnesium_parvum,23001,1070,549.3,0.6401,0.7578,0.7636,-0.2371,44.34,44.39,8.48,0.1913,-0.0537,0.4505,0.4988,Ala:GCC/GCG | Arg:CGC/CGG | Asn:AAC | Asp:GAC | Cys:TGC | Gln:CAG | Glu:GAG | Gly:GGC | His:CAC | Ile:ATC | Leu:CTC/CTG | Lys:AAG | Phe:TTC | Pro:CCC/CCG | Ser:AGC/TCC/TCG | Thr:ACC/ACG | Tyr:TAC | Val:GTC/GTG,0.509,1.159,1.867,0.465,0.298,0.606,0.647,2.593,1.243,0.612,1.454,0.546,1.436,0.564,1.599,0.401,0.528,1.472,0.395,1.605,0.517,2.11,0.969,0.404,1.492,0.508,0.267,2.096,0.637,0.273,2.412,1.879,0.656,0.124,0.656,0.425,1.575,1.565,0.435,0.633,1.099,1.508,0.759,1.356,0.408,0.542,1.324,1.694,0.676,0.586,1.178,1.627,0.608,1.553,0.447,0.246,1.404,1.937,0.413
Prymnesium_polylepis,6986,223,420.7,0.6516,0.7982,0.8141,-0.6269,41.04,39.97,7.83,0.1908,0.3463,0.4197,0.5002,Ala:GCC/GCG | Arg:CGC/CGG | Asn:AAC | Asp:GAC | Cys:TGC | Gln:CAG | Glu:GAG | Gly:GGC | His:CAC | Ile:ATC | Leu:CTC/CTG | Lys:AAG | Phe:TTC | Pro:CCC/CCG | Ser:AGC/TCC/TCG | Thr:ACC/ACG | Tyr:TAC | Val:GTC/GTG,0.551,1.21,1.804,0.435,0.24,0.541,0.618,2.696,1.274,0.631,1.537,0.463,1.477,0.523,1.641,0.359,0.364,1.636,0.308,1.692,0.373,2.43,0.705,0.491,1.562,0.438,0.193,2.263,0.543,0.161,2.457,2.176,0.53,0.061,0.614,0.287,1.713,1.42,0.58,0.637,1.045,1.836,0.482,1.549,0.348,0.497,1.019,2.121,0.466,0.531,1.212,1.869,0.388,1.615,0.385,0.172,1.624,1.847,0.358
Pseudo-nitzschia_australis,4543,473,511.6,0.4909,0.5054,0.4942,0.4717,53.85,55.31,5.0,0.0928,-1.6892,0.4951,0.464,Ala:GCA/GCC | Arg:AGA/CGA | Asn:AAC | Asp:GAT | Cys:TGC | Gln:CAA | Glu:GAA | Gly:GGA/GGT | His:CAC | Ile:ATC/ATT | Leu:CTC/CTG/TTG | Lys:AAA | Phe:TTT | Pro:CCA/CCC | Ser:AGC/TCC/TCG | Thr:ACA/ACC | Tyr:TAC | Val:GTC/GTT,1.071,1.282,0.754,0.893,1.097,0.68,1.501,0.942,0.899,0.881,1.084,0.916,0.931,1.069,1.136,0.864,1.242,0.758,1.31,0.69,1.433,0.888,0.638,1.041,1.152,0.848,0.546,1.21,1.244,0.6,1.077,1.066,0.936,0.525,1.796,1.052,0.948,0.853,1.147,1.143,1.122,0.923,0.812,1.052,0.862,0.753,1.12,1.289,0.923,1.005,1.224,0.984,0.787,1.169,0.831,0.682,1.18,0.965,1.173
Pseudo-nitzschia_delicatissima,828,71,390.8,0.4784,0.4852,0.5278,-1.3035,50.81,52.96,7.35,0.1447,-1.095,0.4859,0.469,Ala:GCC | Arg:AGA/CGA/CGT | Asn:AAC | Asp:GAT | Cys:TGC | Gln:CAA | Glu:GAA | Gly:GGA/GGT | His:CAC | Ile:ATC/ATT | Leu:CTC/TTG | Lys:AAG | Phe:TTT | Pro:CCA/CCC | Ser:AGC/TCC/TCG | Thr:ACA/ACC | Tyr:TAC | Val:GTC/GTT,0.981,1.386,0.706,0.927,1.001,0.56,1.678,0.976,0.784,1.001,1.038,0.962,0.926,1.074,1.124,0.876,1.185,0.815,1.28,0.72,1.601,0.792,0.55,1.057,1.193,0.807,0.372,1.145,1.483,0.447,1.21,0.955,0.954,0.809,1.625,0.979,1.021,0.847,1.153,1.147,1.172,0.794,0.886,1.046,0.771,0.761,1.185,1.294,0.943,1.059,1.192,0.92,0.829,1.097,0.903,0.579,1.293,0.867,1.261
Pseudo-nitzschia_fraudulenta,6177,435,455.0,0.5496,0.6361,0.6599,-0.4048,49.51,49.95,6.5,0.1312,-0.4301,0.4613,0.4723,Ala:GCC/GCG | Arg:CGA/CGC/CGG | Asn:AAC | Asp:GAC | Cys:TGC | Gln:CAG | Glu:GAG | Gly:GGA/GGC | His:CAC | Ile:ATC | Leu:CTC/CTG/TTG | Lys:AAG | Phe:TTC | Pro:CCC/CCG | Ser:AGC/TCC/TCG | Thr:ACC/ACG | Tyr:TAC | Val:GTC/GTG,0.827,1.431,1.003,0.739,0.762,0.851,1.062,1.348,1.195,0.783,1.32,0.68,1.144,0.856,1.351,0.649,0.842,1.158,0.934,1.065,1.017,1.362,0.743,0.878,1.337,0.663,0.39,1.697,0.913,0.355,1.618,1.31,0.854,0.293,1.57,0.726,1.274,1.178,0.822,0.852,1.214,1.215,0.72,1.348,0.562,0.581,1.251,1.452,0.806,0.83,1.398,1.159,0.613,1.329,0.671,0.419,1.399,1.29,0.892
Pseudo-nitzschia_multistriata,5269,541,515.2,0.5351,0.5878,0.5704,0.0279,50.3,53.04,7.8,0.155,-0.7782,0.507,0.4634,Ala:GCC | Arg:CGA/CGC/CGG | Asn:AAC | Asp:GAC | Cys:TGC | Gln:CAG | Glu:GAA | Gly:GGA/GGC | His:CAC | Ile:ATC/ATT | Leu:CTC/CTG/TTG | Lys:AAG | Phe:TTT | Pro:CCC/CCG | Ser:AGC/TCC/TCG | Thr:ACC/ACG | Tyr:TAC | Val:GTC/GTG/GTT,0.907,1.488,0.886,0.719,0.897,0.867,1.159,1.092,1.32,0.665,1.232,0.768,1.122,0.878,1.314,0.686,0.984,1.016,1.124,0.876,1.208,1.107,0.892,0.793,1.327,0.673,0.46,1.445,1.095,0.46,1.493,1.503,0.903,0.385,1.255,0.917,1.083,0.947,1.053,0.944,1.231,1.146,0.679,1.25,0.618,0.624,1.282,1.386,0.839,0.879,1.417,1.066,0.638,1.287,0.713,0.537,1.395,1.057,1.011
Pseudo-nitzschia_pungens,5182,501,489.2,0.5132,0.5534,0.5415,-0.2448,51.48,53.7,6.79,0.1318,-0.938,0.4951,0.4658,Ala:GCC | Arg:CGA/CGC/CGG | Asn:AAC | Asp:GAC | Cys:TGC | Gln:CAA | Glu:GAA | Gly:GGA | His:CAC | Ile:ATC/ATT | Leu:CTC/CTG/TTG | Lys:AAG | Phe:TTT | Pro:CCA/CCC/CCG | Ser:AGC/TCC/TCG | Thr:ACC/ACG | Tyr:TAC | Val:GTC/GTG/GTT,0.98,1.37,0.816,0.834,0.993,0.645,1.463,1.047,1.027,0.826,1.165,0.835,1.034,0.966,1.215,0.785,1.114,0.886,1.195,0.805,1.487,0.893,0.667,0.953,1.248,0.752,0.41,1.358,1.232,0.426,1.341,1.317,0.905,0.404,1.606,0.92,1.08,0.96,1.04,1.011,1.194,1.011,0.783,1.069,0.734,0.699,1.236,1.387,0.875,0.921,1.308,1.033,0.738,1.273,0.727,0.537,1.323,1.036,1.104
Pyrodinium_bahamense,2161,78,398.4,0.6271,0.7546,0.762,-0.424,46.05,46.11,5.8,0.126,-0.0809,0.4214,0.5034,Ala:GCC/GCG | Arg:AGG/CGC/CGG | Asn:AAC | Asp:GAC | Cys:TGC | Gln:CAG | Glu:GAG | Gly:GGC | His:CAC | Ile:ATC | Leu:CTC/CTG/TTG | Lys:AAG | Phe:TTC | Pro:CCC/CCG | Ser:AGC/TCC/TCG | Thr:ACC/ACG | Tyr:TAC | Val:GTC/GTG,0.794,1.4,1.192,0.615,0.321,1.207,0.435,1.933,1.546,0.557,1.515,0.485,1.429,0.571,1.627,0.373,0.33,1.67,0.33,1.67,0.411,2.11,0.866,0.613,1.458,0.541,0.269,2.05,0.681,0.142,1.826,2.037,0.67,0.092,1.232,0.292,1.708,1.5,0.5,0.83,1.155,1.364,0.65,1.865,0.502,0.564,1.363,1.153,0.553,0.727,1.331,1.368,0.574,1.556,0.444,0.189,1.326,1.94,0.544
Skeletonema_costatum,4765,441,549.5,0.4603,0.4138,0.4112,-0.852,53.86,54.98,4.75,0.0882,-2.2451,0.4593,0.5232,Ala:GCA/GCT | Arg:AGA/CGA/CGT | Asn:AAT | Asp:GAT | Cys:TGT | Gln:CAA | Glu:GAA | Gly:GGA/GGT | His:CAT | Ile:ATT | Leu:CTT/TTG | Lys:AAG | Phe:TTT | Pro:CCA/CCT | Ser:AGT/TCA/TCT | Thr:ACA/ACT | Tyr:TAT | Val:GTG/GTT,1.417,0.847,0.565,1.171,1.325,0.971,1.103,0.732,0.511,1.358,0.783,1.217,0.649,1.351,0.898,1.102,1.245,0.755,1.113,0.886,1.392,0.75,0.655,1.203,0.786,1.214,0.566,0.993,1.441,0.671,0.971,0.686,1.113,0.773,1.786,0.878,1.122,0.888,1.112,1.524,0.74,0.595,1.142,0.749,1.126,1.329,0.848,0.773,1.175,1.364,0.79,0.673,1.173,0.932,1.067,0.785,0.884,1.153,1.177
Skeletonema_marinoi,19396,2022,512.7,0.4622,0.4196,0.4141,0.2726,54.22,55.1,4.19,0.0773,-2.0863,0.4596,0.5218,Ala:GCA/GCT | Arg:AGA/CGA/CGT | Asn:AAT | Asp:GAT | Cys:TGT | Gln:CAA | Glu:GAA | Gly:GGA/GGT | His:CAT | Ile:ATC/ATT | Leu:CTT/TTG | Lys:AAG | Phe:TTT | Pro:CCA/CCT | Ser:AGT/TCA/TCT | Thr:ACA/ACT | Tyr:TAT | Val:GTG/GTT,1.422,0.835,0.577,1.166,1.363,0.996,1.095,0.732,0.517,1.297,0.788,1.212,0.656,1.343,0.928,1.072,1.234,0.766,1.098,0.902,1.401,0.774,0.659,1.166,0.799,1.201,0.579,1.015,1.406,0.685,0.984,0.712,1.114,0.723,1.782,0.878,1.122,0.9,1.1,1.525,0.726,0.6,1.149,0.777,1.114,1.323,0.84,0.771,1.176,1.353,0.791,0.685,1.172,0.939,1.061,0.783,0.897,1.16,1.161
Thalassionema_nitzschioides,6305,628,506.0,0.4388,0.3731,0.3664,0.0077,53.95,54.72,4.14,0.0768,-1.9936,0.4643,0.5182,Ala:GCA/GCT | Arg:AGA/CGA/CGT | Asn:AAT | Asp:GAT | Cys:TGT | Gln:CAA | Glu:GAA | Gly:GGA/GGT | His:CAT | Ile:ATT | Leu:CTT/TTA/TTG | Lys:AAA | Phe:TTT | Pro:CCA/CCT | Ser:AGT/TCA/TCT | Thr:ACA/ACT | Tyr:TAT | Val:GTT,1.27,0.8,0.642,1.287,1.294,0.623,1.427,0.829,0.553,1.274,0.727,1.273,0.706,1.294,0.847,1.153,1.311,0.689,1.341,0.659,1.401,0.753,0.556,1.29,0.757,1.243,0.658,0.773,1.569,0.698,0.708,0.742,1.207,1.103,1.542,1.163,0.837,0.707,1.293,1.467,0.687,0.614,1.232,0.72,1.123,1.245,0.798,0.833,1.281,1.264,0.765,0.755,1.215,0.854,1.147,0.891,0.87,0.857,1.383
Thalassiosira_gravida,4386,698,469.7,0.5092,0.5431,0.5433,0.1427,54.07,55.07,4.46,0.0825,-1.3291,0.4667,0.4948,Ala:GCC/GCG | Arg:AGG/CGA/CGC | Asn:AAT | Asp:GAT | Cys:TGC | Gln:CAA | Glu:GAG | Gly:GGA/GGC | His:CAC | Ile:ATC/ATT | Leu:CTC/TTG | Lys:AAG | Phe:TTC | Pro:CCA/CCC | Ser:TCC/TCG | Thr:ACC/ACG | Tyr:TAC | Val:GTC/GTG,0.951,1.227,1.091,0.731,0.87,1.161,1.133,1.147,0.727,0.962,0.928,1.072,0.844,1.156,1.133,0.867,1.079,0.921,0.983,1.017,1.278,1.02,0.837,0.865,1.017,0.983,0.604,1.254,1.142,0.528,1.435,0.928,0.796,0.518,1.794,0.857,1.143,1.109,0.891,1.025,1.178,0.953,0.845,0.979,0.824,0.849,1.306,1.223,0.819,0.895,1.145,1.158,0.802,1.183,0.817,0.622,1.128,1.393,0.858
Tripos_fusus,17519,2208,480.3,0.5396,0.5506,0.5499,0.3694,55.44,55.85,2.77,0.0501,-1.4732,0.4519,0.5255,Ala:GCA/GCT | Arg:AGG/CGC/CGG/CGT | Asn:AAC | Asp:GAC | Cys:TGC | Gln:CAG | Glu:GAG | Gly:GGC/GGT | His:CAC | Ile:ATC/ATT | Leu:CTC/CTG/CTT/TTG | Lys:AAG | Phe:TTC | Pro:CCA | Ser:AGC/TCA | Thr:ACA | Tyr:TAC | Val:GTG/GTT,1.379,0.914,0.7,1.007,0.643,1.083,0.81,1.299,1.144,1.02,1.155,0.845,1.072,0.928,1.265,0.735,0.77,1.23,0.775,1.225,0.725,1.552,0.677,1.045,1.032,0.968,0.456,1.329,1.215,0.31,1.091,1.395,1.254,0.29,1.659,0.76,1.24,1.082,0.918,1.47,0.743,0.802,0.985,1.417,0.824,1.092,0.92,0.833,0.914,1.296,0.922,0.904,0.878,1.146,0.854,0.404,0.97,1.615,1.011
Tryblionella_compressa,4185,424,507.4,0.4822,0.467,0.4647,-0.4595,54.48,55.51,4.23,0.0776,-1.7321,0.4643,0.4899,Ala:GCA/GCC/GCT | Arg:AGA/CGA/CGT | Asn:AAT | Asp:GAT | Cys:TGT | Gln:CAA | Glu:GAA | Gly:GGA/GGT | His:CAT | Ile:ATC/ATT | Leu:CTT/TTG | Lys:AAG | Phe:TTT | Pro:CCA/CCT | Ser:TCC/TCG/TCT | Thr:ACA/ACT | Tyr:TAC | Val:GTC/GTG/GTT,1.106,1.175,0.636,1.083,1.16,0.644,1.52,0.778,0.72,1.177,0.985,1.015,0.911,1.089,0.962,1.038,1.239,0.761,1.304,0.696,1.521,0.838,0.604,1.038,0.853,1.147,0.393,1.118,1.489,0.459,0.953,0.999,1.125,0.435,2.03,0.97,1.03,0.843,1.157,1.229,0.921,0.712,1.138,0.84,0.968,0.81,1.124,1.081,1.178,1.054,0.992,0.918,1.036,1.112,0.888,0.599,1.262,1.032,1.107
